{
  "projects": [
    {
      "id": "calculator",
      "title": "🔢 Calculatrice Interactive",
      "difficulty": "Débutant",
      "language": "JavaScript / HTML / CSS",
      "description": "Crée une calculatrice fonctionnelle avec interface graphique",
      "features": [
        "Addition, soustraction, multiplication, division",
        "Interface utilisateur avec boutons cliquables",
        "Affichage des résultats en temps réel",
        "Gestion des erreurs (division par zéro)"
      ],
      "skills": "DOM manipulation, événements JavaScript, CSS Grid",
      "estimated_time": "3-5 heures"
    },
    {
      "id": "todo_list",
      "title": "✅ Liste de Tâches",
      "difficulty": "Débutant",
      "language": "JavaScript / HTML / CSS",
      "description": "Une application pour gérer tes tâches quotidiennes",
      "features": [
        "Ajouter et supprimer des tâches",
        "Marquer les tâches comme complétées",
        "Sauvegarder dans le localStorage",
        "Filtrer les tâches (toutes, actives, complétées)"
      ],
      "skills": "localStorage, manipulation du DOM, événements",
      "estimated_time": "4-6 heures"
    },
    {
      "id": "weather_app",
      "title": "🌤️ Application Météo",
      "difficulty": "Intermédiaire",
      "language": "JavaScript",
      "description": "Affiche la météo en utilisant une API météo",
      "features": [
        "Recherche par ville",
        "Affichage de la température, humidité, vent",
        "Icônes météo dynamiques",
        "Prévisions sur plusieurs jours"
      ],
      "skills": "API fetch, async/await, gestion des promesses",
      "estimated_time": "6-8 heures",
      "api": "OpenWeatherMap API (gratuite)"
    },
    {
      "id": "quiz_game",
      "title": "🎯 Jeu de Quiz",
      "difficulty": "Intermédiaire",
      "language": "JavaScript / Python",
      "description": "Un jeu de quiz interactif avec scores",
      "features": [
        "Questions à choix multiples",
        "Système de scoring",
        "Timer pour chaque question",
        "Affichage des résultats et statistiques"
      ],
      "skills": "Logique conditionnelle, tableaux, objets, timers",
      "estimated_time": "5-7 heures"
    },
    {
      "id": "discord_bot",
      "title": "🤖 Bot Discord Simple",
      "difficulty": "Intermédiaire",
      "language": "JavaScript (Node.js) / Python",
      "description": "Crée ton propre bot Discord avec commandes personnalisées",
      "features": [
        "Commandes slash personnalisées",
        "Répondre aux messages",
        "Système de modération basique",
        "Messages automatiques"
      ],
      "skills": "Discord.js/discord.py, APIs, asynchrone, Node.js",
      "estimated_time": "8-10 heures"
    },
    {
      "id": "portfolio",
      "title": "💼 Site Portfolio Personnel",
      "difficulty": "Intermédiaire",
      "language": "HTML / CSS / JavaScript",
      "description": "Crée ton portfolio professionnel pour montrer tes projets",
      "features": [
        "Page d'accueil avec présentation",
        "Section projets avec galerie",
        "Formulaire de contact",
        "Design responsive (mobile-friendly)"
      ],
      "skills": "HTML sémantique, CSS avancé, Flexbox/Grid, responsive design",
      "estimated_time": "10-15 heures"
    },
    {
      "id": "chatbot",
      "title": "💬 Chatbot IA",
      "difficulty": "Avancé",
      "language": "Python / JavaScript",
      "description": "Chatbot intelligent utilisant une API d'IA",
      "features": [
        "Interface de chat",
        "Intégration avec GPT ou autre API",
        "Historique des conversations",
        "Personnalisation du comportement du bot"
      ],
      "skills": "APIs externes, async, gestion d'état, interface utilisateur",
      "estimated_time": "12-16 heures"
    },
    {
      "id": "ecommerce",
      "title": "🛒 Site E-commerce",
      "difficulty": "Avancé",
      "language": "JavaScript (React/Node) / Python (Django/Flask)",
      "description": "Plateforme e-commerce complète avec panier",
      "features": [
        "Catalogue de produits",
        "Panier d'achat fonctionnel",
        "Système d'authentification",
        "Page de paiement (simulation)"
      ],
      "skills": "Full-stack, base de données, authentification, routing",
      "estimated_time": "20-30 heures"
    }
  ]
}
