{
  "beginner": {
    "javascript": [
      {
        "title": "Introduction à JavaScript",
        "description": "Découvre les bases de JavaScript: variables, types de données, et opérateurs",
        "links": [
          "https://developer.mozilla.org/fr/docs/Web/JavaScript/Guide",
          "https://www.codecademy.com/learn/introduction-to-javascript",
          "https://javascript.info/"
        ],
        "exercises": "Crée une variable pour ton nom, ton âge, et affiche-les dans la console"
      },
      {
        "title": "Conditions et Boucles",
        "description": "Apprends à contrôler le flux de ton code avec if/else et les boucles",
        "links": [
          "https://developer.mozilla.org/fr/docs/Web/JavaScript/Guide/Control_flow_and_error_handling",
          "https://www.w3schools.com/js/js_loop_for.asp"
        ],
        "exercises": "Crée une boucle qui affiche les nombres de 1 à 10, et saute les nombres pairs"
      }
    ],
    "python": [
      {
        "title": "Python pour Débutants",
        "description": "Les fondamentaux de Python: variables, print(), input(), et types de données",
        "links": [
          "https://www.python.org/about/gettingstarted/",
          "https://www.learnpython.org/",
          "https://docs.python.org/fr/3/tutorial/"
        ],
        "exercises": "Écris un programme qui demande le nom de l'utilisateur et lui dit bonjour"
      }
    ],
    "html_css": [
      {
        "title": "HTML - Structure Web",
        "description": "Crée ta première page web avec HTML: balises, structure, et sémantique",
        "links": [
          "https://developer.mozilla.org/fr/docs/Learn/HTML/Introduction_to_HTML",
          "https://www.w3schools.com/html/"
        ],
        "exercises": "Crée une page HTML avec un titre, un paragraphe, et une image"
      },
      {
        "title": "CSS - Style et Design",
        "description": "Ajoute du style à tes pages web: couleurs, polices, et mise en page",
        "links": [
          "https://developer.mozilla.org/fr/docs/Learn/CSS/First_steps",
          "https://www.w3schools.com/css/"
        ],
        "exercises": "Style ta page HTML avec des couleurs et change la police"
      }
    ]
  },
  "intermediate": {
    "javascript": [
      {
        "title": "Fonctions en JavaScript",
        "description": "Maîtrise les fonctions: déclaration, paramètres, return, et fonctions fléchées",
        "links": [
          "https://developer.mozilla.org/fr/docs/Web/JavaScript/Guide/Functions",
          "https://javascript.info/function-basics"
        ],
        "exercises": "Crée une fonction qui calcule l'aire d'un rectangle"
      },
      {
        "title": "Manipulation du DOM",
        "description": "Apprends à interagir avec le HTML depuis JavaScript",
        "links": [
          "https://developer.mozilla.org/fr/docs/Web/API/Document_Object_Model/Introduction",
          "https://javascript.info/document"
        ],
        "exercises": "Crée un bouton qui change la couleur de fond de la page au clic"
      }
    ],
    "python": [
      {
        "title": "Listes et Dictionnaires",
        "description": "Structures de données essentielles en Python",
        "links": [
          "https://docs.python.org/fr/3/tutorial/datastructures.html",
          "https://realpython.com/python-lists-tuples/"
        ],
        "exercises": "Crée un dictionnaire avec tes films préférés et affiche-les"
      }
    ]
  },
  "advanced": {
    "javascript": [
      {
        "title": "JavaScript Asynchrone",
        "description": "Promises, async/await, et gestion des API",
        "links": [
          "https://developer.mozilla.org/fr/docs/Learn/JavaScript/Asynchronous",
          "https://javascript.info/async"
        ],
        "exercises": "Récupère des données depuis une API publique et affiche-les"
      }
    ],
    "python": [
      {
        "title": "Programmation Orientée Objet",
        "description": "Classes, objets, héritage, et encapsulation en Python",
        "links": [
          "https://docs.python.org/fr/3/tutorial/classes.html",
          "https://realpython.com/python3-object-oriented-programming/"
        ],
        "exercises": "Crée une classe 'Voiture' avec des attributs et méthodes"
      }
    ]
  }
}
